Monomer1,Monomer2,Group1,Group2,Actual_Score,Predicted_Score,Score_Difference
C=CC(=O)OCCCC,O=c1ccc(=O)n1c4ccc(Cc3ccc(n2c(=O)ccc2=O)cc3)cc4,C=C,No_group,1.18,1.09,0.09
CC(C)(C4CCC(OCC(O)COC3CCC(C(C)(C)C2CCC(OCC1CO1)CC2)CC3)CC4)C6CCC(OCC5CO5)CC6,Nc1cccc(N)c1,C1OC1,No_group,1.06,1.07,0.01
C=Cc1ccccc1,C=CC(=O)OCCCC,C=C,No_group,1.11,1.08,0.03
c3cc(N(CC1CO1)CC2CO2)ccc3Cc6ccc(N(CC4CO4)CC5CO5)cc6,CC(N)COCC(C)COCC(C)COCC(C)COCC(C)COCC(C)COCC(C)N,C1OC1,NC,4.68,4.63,0.05
CC(C)(c2ccc(OCC1CO1)cc2)c4ccc(OCC3CO3)cc4,CC(C)(c3ccc2OCN(c1ccccc1)Cc2c3)c6ccc5OCN(c4ccccc4)Cc5c6,C1OC1,NC,4.76,4.65,0.11
CC(C)(c2ccc(OCC1CO1)cc2)c4ccc(OCC3CO3)cc4,CC(C)(COCC1CO1)COCC2CO2,C1OC1,No_group,1.21,1.09,0.12
c1ccc3c(c1)c2ccccc2C3(c5ccc(OCCOCC4CO4)cc5)c7ccc(OCCOCC6CO6)cc7,Nc2ccc(Cc1ccc(N)cc1)cc2,C1OC1,No_group,1.11,1.07,0.04
CC(C)(c2ccc(OCCOCC1CO1)cc2)c4ccc(OCCOCC3CO3)cc4,CCCCCCCCCN,C1OC1,NC,2.92,2.89,0.03
CC(COc3ccc(C(C)(C)c2ccc(OCC(C)OCC1CO1)cc2)cc3)OCC4CO4,CC(N)COCC(C)OCC(C)OCC(C)OCCOCCOCCOCCOCCOCCOCCOCCOCCOCCOCCOCCOCC(C)OCC(C)OCC(C)N,C1OC1,NC,3.72,3.68,0.04
C=C(C)C(=O)OCCOCCOCCOC(=O)C(=C)C,O=c1ccc(=O)n1c4ccc(Cc3ccc(n2c(=O)ccc2=O)cc3)cc4,C=C,No_group,1.18,1.09,0.09
CC(C)(c2ccc(OCC1CO1)cc2)c4ccc(OCC3CO3)cc4,CC(N)COCC(C)OCC(C)OCC(C)N,C1OC1,NC,3.92,3.82,0.1
C=C(C)C(=O)OCCOCCOCCOCCOCCOCCOCCOCCOCCOCCOCCOCCOC(=O)C(=C)C,C=C(CCS)OCC(COC(=O)CCS)(COC(=O)CCS)COC(=O)CCSC(=O)NCC1(C)CC(NC(=O)SCCC(=O)OCC(COC(=O)CCS)(COC(=O)CCS)COC(=O)CCS)CC(C)(C)C1,C=C,CCS,4.52,4.57,0.05
C=C(C)C(=O)OCCOCCOCCOCCOCCOC(=O)C(C)=O,C=C(CCS)OCCn1c(=O)n(CCOC(=O)CCS)c(=O)n(CCOC(=O)CCS)c1=O,C=C,CCS,3.68,3.56,0.12
C=CC(=O)OC(C)(C)C,C=COC(=O)CCCCCC(C)(C)C,C=C,No_group,1.09,1.08,0.01
CC(C)(c2ccc(OCCOCCOCCOCC1CO1)cc2)c4ccc(OCCOCCOCCOCC3CO3)cc4,CCCCCCCCCCCCCCCN,C1OC1,NC,2.84,2.86,0.02
Nc2ccc(Oc1ccc(N)cc1)cc2,NCc1cccc(CN)c1,No_group,NC,1.24,1.07,0.17
C=CCOC(CC)(CO)CO,O=c1n(CCS)c(=O)n(CCS)c(=O)n1CCS,C=C,CCS,3.88,3.77,0.11
CC(C)(c2ccc(OCC1CO1)cc2)c4ccc(OCC3CO3)cc4,NCCNCCN,C1OC1,NC,4.77,4.65,0.12
O=C(OCC1CO1)C3CC2OC2CC3C(=O)OCC4CO4,NCCOCCOCCN,C1OC1,NC,4.74,4.35,0.39
C=C(C)C(=O)OCCOCCOCCOCCOCCOCCOCCOCCOC(=O)C(C)=O,C=C(CCS)OCC(COC(=O)CCS)(COC(=O)CCS)COC(=O)CCSC(=O)NCC1(C)CC(NC(=O)SCCC(=O)OCC(COC(=O)CCS)(COC(=O)CCS)COC(=O)CCS)CC(C)(C)C1,C=C,CCS,4.52,4.49,0.03
C=Cc1cccc(C=C)c1,CCC(COC(=O)CCS)(COC(=O)CCS)COC(=O)CCS,C=C,CCS,4.71,4.64,0.07
CC(=O)OCCOCCOCCOCCOCCOCCOCCOCCOCCOCCOC(=O)C(C)=O,O=c1n(CCS)c(=O)n(CCS)c(=O)n1CCS,No_group,CCS,1.06,1.1,0.04
C=CCn1c(=O)n(CC=C)c(=O)n(CC=C)c1=O,O=c1n(CCS)c(=O)n(CCS)c(=O)n1CCS,C=C,CCS,4.81,4.68,0.13
c3cc(N(CC1CO1)CC2CO2)ccc3Cc6ccc(N(CC4CO4)CC5CO5)cc6,CC(CN)CCCN,C1OC1,NC,4.76,4.62,0.14
C=CC(=O)OC(C)(C)C,O=c1ccc(=O)n1c4ccc(Cc3ccc(n2c(=O)ccc2=O)cc3)cc4,C=C,No_group,1.2,1.08,0.12
C=C(C)C(=O)OCCOCCOCCOCCOCCOCCOCCOCCOCCOCCOCCOCCOCCOCCOCCOCCOCCOC(=O)C(C)=O,C=CCc1ccccc1OCC(O)COC(=O)CCCCC(=O)OCC(O)COc2ccccc2CC=C,C=C,No_group,0.95,1.07,0.12
O=C=Nc2ccc(Cc1ccc(N=C=O)cc1)cc2,COCCCCOC(=O)CCCCC(=O)OCCCCOC(=O)CCCCC(=O)OCCCCOC(=O)CCCCC(C)=O,No_group,No_group,1.07,1.06,0.01
C=Cc1ccccc1,C=CCc1ccccc1OCC(O)COC(=O)CCCCC(=O)OCC(O)COc2ccccc2CC=C,C=C,No_group,1.07,1.08,0.01
c1ccc3c(c1)c2ccccc2C3(c5ccc(OCCOCC4CO4)cc5)c7ccc(OCCOCC6CO6)cc7,CCC(COCC(C)OCC(C)N)(COCC(C)OCC(C)N)COCC(C)OCC(C)N,C1OC1,NC,4.59,4.64,0.05
Nc2ccc(Oc1ccc(N)cc1)cc2,COCCOCCOCCOCCOCCOCCOCCOCCOCCOCCOCCOCCOCCOCCOCCOCCOCCOCCOCCOCCOCCOCCOCCOCCOCCOCCOCCOCCOCCOCCOCCOCCOCCOCCOCCOCCOCCOCC(C)OCC(C)OCC(C)OCC(C)OCC(C)OCC(C)N,No_group,NC,1.1,1.08,0.02
CC(C)(c2ccc(OCC1CO1)cc2)c4ccc(OCC3CO3)cc4,Nc2ccc(Cc1ccc(N)cc1)cc2,C1OC1,No_group,1.25,1.07,0.18
O=c1ccc(=O)n1c4ccc(Cc3ccc(n2c(=O)ccc2=O)cc3)cc4,O=c1n(CCS)c(=O)n(CCS)c(=O)n1CCS,C=C,CCS,4.84,4.66,0.18
CC(C)(c2ccc(OCC1CO1)cc2)c4ccc(OCC3CO3)cc4,CCC(COCC(C)COCC(C)N)(COCC(C)OCC(C)N)COCC(C)OCC(C)N,C1OC1,NC,4.72,4.66,0.06
CC(C)(c2ccc(OCC1CO1)cc2)c4ccc(OCC3CO3)cc4,Nc2ccc(S(=O)(=O)c1ccc(N)cc1)cc2,C1OC1,No_group,1.27,1.07,0.2
CCCCCCCCC1OC1CCCCCCCC(=O)OCC(COC(=O)CCCCCCCC2OC2CC3OC3CC4OC4CC)OC(=O)CCCCCCCC5OC5CC6OC6CC7OC7CC,CC2=CCC1C(=O)OC(=O)C1C2,No_group,C=C,0.98,1.08,0.1
C=C(C)C(=O)OCCOCCOCCOCCOCCOCCOCCOCCOCCOCCOCCOCCOCCOCCOCCOCCOCCOC(=O)C(=C)C,CC(=O)OCCOCCOCCOCCOCCOCCOCCOCCOCCOCCOC(=O)C(C)=O,C=C,No_group,0.93,1.06,0.13
c3cc(N(CC1CC1)CC2CO2)ccc3OCC4CO4,NCc1cccc(CN)c1,C1OC1,NC,3.93,4.31,0.38
C=C(C)C(=O)OCCOCCOCCOCCOCCOCCOCCOCCOCCOCCOCCOCCOCCOCCOCCOCCOCCOC(=O)C(=C)C,O=c1n(CCS)c(=O)n(CCS)c(=O)n1CCS,C=C,CCS,4.66,4.64,0.02
C=C(C)C(=O)OCCOCCOCCOCCOCCOCCOCCOCCOC(=O)C(C)=O,O=c1n(CCS)c(=O)n(CCS)c(=O)n1CCS,C=C,CCS,3.76,3.9,0.14
C=C(C)C(=O)OCCOCCOCCOCCOCCOCCOCCOCCOCCOCCOCCOCCOC(=O)C(=C)C,CCCC(=O)OCC(CC)(COC(=O)CCS)COC(=O)CCS,C=C,CCS,3.69,3.65,0.04
c3cc(N(CC1CO1)CC2CO2)ccc3Cc6ccc(N(CC4CO4)CC5CO5)cc6,CCCCCCCCCCN,C1OC1,NC,4.76,4.46,0.3
C=C(C)C(=O)OCCOCCOCCOCCOCCOCCOCCOCCOCCOCCOCCOCCOCCOCCOCCOCCOCCOC(=O)C(=C)C,C=C(C)C(=O)OCCOCCOCCOCCOCCOCCOCCOCCOC(=O)C(C)=O,C=C,No_group,0.93,1.07,0.14
CC(C)(c2ccc(OCC1CO1)cc2)c4ccc(OCC3CO3)cc4,CCCCCCCCCCCCN,C1OC1,NC,3.0,2.97,0.03
C=CCOC(CC)(CO)CO,CCC(COC(=O)CCS)(COC(=O)CCS)COC(=O)CCS,C=C,CCS,3.8,3.59,0.21
C=CCc1ccccc1OCC(O)COC(=O)CCCCC(=O)OCC(O)COc2ccccc2CC=C,C=C(CCS)OCCn1c(=O)n(CCOC(=O)CCS)c(=O)n(CCOC(=O)CCS)c1=O,C=C,CCS,4.58,4.61,0.03
C=COC(=O)CCCCCC(C)(C)C,C=C(CCS)OCCn1c(=O)n(CCOC(=O)CCS)c(=O)n(CCOC(=O)CCS)c1=O,C=C,CCS,3.73,3.89,0.16
O=C=Nc2ccc(Cc1ccc(N=C=O)cc1)cc2,COCCCCOC(=O)CCCCC(=O)OCCCCOC(=O)CCCCC(=O)OCCCCOC(=O)CCCCC(=O)OCCCCOC(=O)CCCCC(=O)OCCCCOC(=O)CCCCC(=O)OCCCCOC(=O)CCCCC(=O)OCCCCOC(=O)CCCCC(C)=O,No_group,No_group,1.06,1.07,0.01
CC(COc3ccc(C(C)(C)c2ccc(OCC(C)OCC1CO1)cc2)cc3)OCC4CO4,COCCOCCOCCOCCOCCOCCOCCOCCOCCOCCOCCOCCOCCOCCOCCOCCOCCOCCOCCOCCOCCOCCOCCOCCOCCOCCOCCOCCOCCOCCOCCOCCOCCOCCOCCOCCOCCOCC(C)OCC(C)OCC(C)OCC(C)OCC(C)OCC(C)N,C1OC1,NC,2.82,2.82,0.0
CC(C)(C4CCC(OCC(O)COC3CCC(C(C)(C)C2CCC(OCC1CO1)CC2)CC3)CC4)C6CCC(OCC5CO5)CC6,CC(C)(C)N,C1OC1,NC,2.86,2.0,0.86
C=C(C)C(=O)OCCOCCOCCOCCOCCOCCOCCOCCOCCOCCOCCOCCOCCOCCOCCOCCOCCOCCOCCOCCOC(=O)C(=C)C,C=CCOCC(CO)(COCC=C)COCC=C,C=C,No_group,1.01,1.07,0.06
C=Cc1cccc(C=C)c1,C=C(CCS)OCCn1c(=O)n(CCOC(=O)CCS)c(=O)n(CCOC(=O)CCS)c1=O,C=C,CCS,4.68,4.64,0.04
C=CCc1ccccc1OCC(O)COC(=O)CCCCC(=O)OCC(O)COc2ccccc2CC=C,CC(=O)OCCOCCOCCOCCOCCOCCOCCOCCOCCOCCOC(=O)C(C)=O,C=C,No_group,0.96,1.05,0.09
CC(C)(c2ccc(OCC1CO1)cc2)c4ccc(OCC3CO3)cc4,CC(N)COCC(C)OCC(C)OCC(C)N,C1OC1,NC,3.92,3.82,0.1
CC(C)(c4ccc(OCC(O)COc3ccc(C(C)(C)c2ccc(OCC1CO1)cc2)cc3)cc4)c6ccc(OCC5CO5)cc6,CCCCCCCCCCN,C1OC1,NC,2.87,2.89,0.02
CC(C)(c2ccc(OCC1CO1)cc2)c4ccc(OCC3CO3)cc4,CC(C)(c3ccc2OCN(c1ccccc1)Cc2c3)c6ccc5OCN(c4ccccc4)Cc5c6,C1OC1,NC,4.76,4.65,0.11
C=CCc1ccccc1OCC(O)COC(=O)Cc3ccc(C(=O)OCC(O)COc2ccccc2CC=C)cc3,C=C(C)C(=O)OCCOCCOCCOCCOCCOCCOCCOCCOCCOCCOCCOCCOCCOCCOCCOCCOCCOCCOCCOCCOC(=O)C(=C)C,C=C,No_group,0.96,1.09,0.13
C=CCc4ccc(OCC1CO1)c(c2cc(CC=C)ccc2OCC3CO3)c4,Nc2ccc(SSc1ccc(N)cc1)cc2,C=C,No_group,1.17,1.03,0.14
Cc3cc(c2cc(C)c(OCC1CO1)c(C)c2)cc(C)c3OCC4CO4,CC(N)COCC(C)OCC(C)OCC(C)N,C1OC1,NC,3.92,3.96,0.04
C=CCc1ccccc1OCC(O)COC(=O)Cc3ccc(C(=O)OCC(O)COc2ccccc2CC=C)cc3,O=c1n(CCS)c(=O)n(CCS)c(=O)n1CCS,C=C,CCS,4.69,4.64,0.05
C=C(C)C(=O)OCCOCCOCCOCCOCCOCCOCCOCCOCCOCCOCCOCCOC(=O)C(=C)C,CCCC(=O)OCC(CC)(COC(=O)CCS)COC(=O)CCS,C=C,CCS,3.69,3.65,0.04
C=CC(=O)OCCn1c(=O)n(CCOC(=O)C=C)c(=O)n(CCOC(=O)C=C)c1=O,C=C(C)C(=O)OCCOCCOCCOCCOCCOCCOCCOCCOCCOC(=O)C(=C)C,C=C,No_group,0.97,1.08,0.11
C=C(C)C(=O)OCC(O)COc2ccc(C(C)(C)c1ccc(OCC(O)COC(=O)C(=C)C)cc1)cc2,C=CCOCC(CO)(COCC=C)COCC=C,C=C,No_group,1.07,1.07,0.0
C=CC(=O)OCCCC,C=CCOCC(CO)(COCC=C)COCC=C,C=C,No_group,1.08,1.08,0.0
CC(C)(c2ccc(OC1CO1)cc2)c4ccc(OC3CO3)cc4,Nc2cccc(S(=O)(=O)c1cccc(N)c1)c2,C1OC1,No_group,1.29,1.08,0.21
C=C(C)C(=O)OCCOCCOCCOCCOCCOCCOCCOCCOCCOC(=O)C(=C)C,CCC(COC(=O)CCS)(COC(=O)CCS)COC(=O)CCS,C=C,CCS,4.58,4.62,0.04
CC(C)(c2ccc(OC1CO1)cc2)c4ccc(OC3CO3)cc4,CC(N)COCC(C)OCC(C)OCC(C)OCC(C)OCC(C)OCC(C)N,C1OC1,NC,3.87,3.86,0.01
C=C(C)C(=O)OCCOCCOCCOCCOCCOCCOCCOCCOC(=O)C(C)=O,O=c1ccc(=O)n1c4ccc(Cc3ccc(n2c(=O)ccc2=O)cc3)cc4,C=C,No_group,1.11,1.08,0.03
C=Cc1ccccc1,C=C(CCS)OCCn1c(=O)n(CCOC(=O)CCS)c(=O)n(CCOC(=O)CCS)c1=O,C=C,CCS,3.77,3.95,0.18
Cc3cc(c2cc(C)c(OCC1CO1)c(C(C)(C)C)c2)cc(C(C)(C)C)c3OCC4CO4,CCC(COCC(C)COCC(C)N)(COCC(C)OCC(C)N)COCC(C)OCC(C)N,C1OC1,NC,4.67,4.66,0.01
CC(C)(c2ccc(OCC1CO1)cc2)c4ccc(OCC3CO3)cc4,COCCOCCOCCOCCOCCOCCOCCOCCOCCOCCOCCOCCN,C1OC1,NC,2.9,2.89,0.01
CC(C)(c2ccc(OCC1CO1)cc2)c4ccc(OCC3CO3)cc4,NCCOCCOCCN,C1OC1,NC,3.89,3.75,0.14
C=C(C)C(=O)OCCCC,CC(=O)OCCOCCOCCOCCOCCOCCOCCOCCOCCOCCOC(=O)C(C)=O,C=C,No_group,1.0,1.06,0.06
CCO[Si](CCCN(CCOC(=O)CCO)CCOC(=O)CCO)(OCC)OCC,CC1(C)CC(N=C=O)CC(C)(N=C=O)C1,No_group,NC,1.08,1.08,0.0
C=C(C)C(=O)OCC(O)COc2ccc(C(C)(C)c1ccc(OCC(O)COC(=O)C(=C)C)cc1)cc2,CCC(COC(=O)CCS)(COC(=O)CCS)COC(=O)CCS,C=C,CCS,4.64,4.6,0.04
C=CCn1c(=O)n(CC=C)c(=O)n(CC=C)c1=O,C=C(CCS)OCCn1c(=O)n(CCOC(=O)CCS)c(=O)n(CCOC(=O)CCS)c1=O,C=C,CCS,4.7,4.67,0.03
CC(C)(c4ccc(OCC(O)COc3ccc(C(C)(C)c2ccc(OCC1CO1)cc2)cc3)cc4)c6ccc(OCC5CO5)cc6,Nc1cccc(N)c1,C1OC1,No_group,1.06,1.07,0.01
C=CC(=O)OCCn1c(=O)n(CCOC(=O)C=C)c(=O)n(CCOC(=O)C=C)c1=O,C=C(C)C(=O)OCCOCCOCCOCCOCCOCCOCCOCCOCCOCCOCCOCCOCCOCCOCCOCCOCCOCCOCCOCCOC(=O)C(=C)C,C=C,No_group,0.97,1.09,0.12
C=CCOC(CC)(CO)CO,C=C(C)C(=O)OCCOCCOCCOCCOCCOCCOCCOCCOCCOCCOCCOCCOCCOCCOCCOCCOCCOCCOCCOCCOC(=O)C(=C)C,C=C,No_group,1.05,1.08,0.03
Cc3cc(c2cc(C)c(OCC1CO1)c(C)c2)cc(C)c3OCC4CO4,CC(N)COCC(C)COCC(C)COCC(C)COCC(C)COCC(C)COCC(C)N,C1OC1,NC,3.83,3.88,0.05
CC(=O)OCCOCCOCCOCCOCCOCCOCCOCCOCCOCCOC(=O)C(C)=O,C=C(CCS)OCCn1c(=O)n(CCOC(=O)CCS)c(=O)n(CCOC(=O)CCS)c1=O,No_group,CCS,0.95,1.09,0.14
CC(C)(c2ccc(OCC1CO1)cc2)c4ccc(OCC3CO3)cc4,CCC(COCC(C)OCC(C)N)(COCC(C)OCC(C)N)COCC(C)OCC(C)N,C1OC1,NC,4.73,4.66,0.07
C=C(C)C(=O)OCCOCCOCCOCCOCCOCCOCCOCCOC(=O)C(=C)C,C=CCc1ccccc1OCC(O)COC(=O)CCCCC(=O)OCC(O)COc2ccccc2CC=C,C=C,No_group,0.96,1.08,0.12
CC(C/C=C\CC(=O)OCC(O)COc3ccc(C(C)(C)c2ccc(OCC1CO1)cc2)cc3)C(=O)OCC(O)COc6ccc(C(C)(C)c5ccc(OCC4CO4)cc5)cc6,CCC(COCC(C)OCC(C)N)(COCC(C)OCC(C)N)COCC(C)OCC(C)N,C=C,No_group,0.96,1.09,0.13
CC(C)(c2ccc(OCCOCCOCCOC1CO1)cc2)c4ccc(OCCOCCOCCC3CO3)cc4,Nc1cccc(N)c1,C1OC1,No_group,1.06,1.08,0.02
C=CCOCC(CO)(COCC=C)COCC=C,C=C(C)C(=O)OCCOCCOCCOCCOCCOC(=O)C(C)=O,C=C,No_group,1.04,1.08,0.04
C=C(C)C(=O)OCCOCCOCCOCCOCCOC(=O)C(C)=O,O=c1n(CCS)c(=O)n(CCS)c(=O)n1CCS,C=C,CCS,3.79,3.89,0.1
CC(C)(c2ccc(OCCOCCOCCOC1CO1)cc2)c4ccc(OCCOCCOCCC3CO3)cc4,CC(N)COCC(C)OCC(C)OCC(C)OCCOCCOCCOCCOCCOCCOCCOCCOCCOCCOCCOCCOCC(C)OCC(C)OCC(C)N,C1OC1,NC,3.66,3.51,0.15
C1OC1COC3COC4C(OC2CO2)COC34,CC(CN)CCCN,C1OC1,NC,3.89,4.04,0.15
C=C(C)C(=O)OCCCC,C=C(C)C(=O)OCCOCCOCCOCCOCCOCCOCCOCCOCCOC(=O)C(=C)C,C=C,No_group,1.0,1.09,0.09
C=CCc1ccccc1OCC(O)COC(=O)Cc3ccc(C(=O)OCC(O)COc2ccccc2CC=C)cc3,C=C(C)C(=O)OCCOCCOCCOC(=O)C(=C)C,C=C,No_group,1.03,1.08,0.05
C=C(C)C(=O)OCCOCCOCCOCCOCCOCCOCCOCCOC(=O)C(C)=O,C=Cc1cccc(C=C)c1,C=C,No_group,1.06,1.07,0.01
C=CCn1c(=O)n(CC=C)c(=O)n(CC=C)c1=O,C=C(C)C(=O)OCCOCCOCCOC(=O)C(=C)C,C=C,No_group,1.14,1.09,0.05
O=C(OCC1CO1)C3CC2OC2CC3C(=O)OCC4CO4,CCC(COCC(C)OCC(C)N)(COCC(C)OCC(C)N)COCC(C)OCC(C)N,C1OC1,NC,4.68,4.69,0.01
CCCCCCCCC1OC1CCCCCCCC(=O)OCC(COC(=O)CCCCCCCC2OC2CC3OC3CC4OC4CC)OC(=O)CCCCCCCC5OC5CC6OC6CC7OC7CC,NCCOCCOCCN,C1OC1,NC,4.62,4.59,0.03
CC(C)(c2ccc(OCCOCCOCCOC1CO1)cc2)c4ccc(OCCOCCOCCC3CO3)cc4,CC(C)(C)N,C1OC1,NC,2.85,2.43,0.42
C=C(C)C(=O)OCCOCCOCCOCCOCCOCCOCCOCCOCCOC(=O)C(=C)C,O=c1n(CCS)c(=O)n(CCS)c(=O)n1CCS,C=C,CCS,4.67,4.64,0.03
CC(C)(c2ccc(OCCOCCOCCOCC1CO1)cc2)c4ccc(OCCOCCOCCOCC3CO3)cc4,CCCCCCCCCN,C1OC1,NC,2.87,2.91,0.04
CC(C)(c2ccc(OCCOCC1CO1)cc2)c4ccc(OCCOCC3CO3)cc4,CCc1cc(C)c(N)c(CC)c1N,C1OC1,No_group,1.16,1.08,0.08
C=C(C)C(=C)OCOCCOC(=O)C(=C)C,C=C(C)C(=O)OC,C=C,No_group,1.03,1.08,0.05
C=CCOCC(COCC=C)(COCC=C)COC(=O)NCC1(C)CC(NC(=O)OCC(COCC=C)(COCC=C)COCC=C)CC(C)(C)C1,C=C(CCS)OCCn1c(=O)n(CCOC(=O)CCS)c(=O)n(CCOC(=O)CCS)c1=O,C=C,CCS,4.55,4.64,0.09
CC(COc3ccc(C(C)(C)c2ccc(OCC(C)OCC1CO1)cc2)cc3)OCC4CO4,CC(CN)CCCN,C1OC1,NC,3.84,3.98,0.14
CCCCCCCCC1OC1CCCCCCCC(=O)OCC(COC(=O)CCCCCCCC2OC2CC3OC3CC4OC4CC)OC(=O)CCCCCCCC5OC5CC6OC6CC7OC7CC,NCCCOCCOCCCN,C1OC1,NC,4.62,4.58,0.04
C=CC(=O)OC(C)(C)C,C=Cc1cccc(C=C)c1,C=C,No_group,1.14,1.07,0.07
C=C(C)C(=O)OCCOCCOCCOCCOCCOCCOCCOCCOCCOCCOCCOCCOCCOCCOCCOCCOCCOC(=O)C(=C)C,CCC(COC(=O)CCS)(COC(=O)CCS)COC(=O)CCS,C=C,CCS,4.57,4.61,0.04
Nc2ccc(Oc1ccc(N)cc1)cc2,CCC(COCC(C)OCC(C)N)(COCC(C)OCC(C)N)COCC(C)OCC(C)N,No_group,NC,1.14,1.07,0.07
CC(COc3ccc(C(C)(C)c2ccc(OCC(C)OCC1CO1)cc2)cc3)OCC4CO4,Nc2ccc(Cc1ccc(N)cc1)cc2,C1OC1,No_group,1.18,1.08,0.1
CC(C)(c2ccc(OCC1CO1)cc2)c4ccc(OCC3CO3)cc4,CC(N)COCC(C)OCC(C)OCC(C)N,C1OC1,NC,3.92,3.82,0.1
CC(C)(c2ccc(OCC1CO1)cc2)c4ccc(OCC3CO3)cc4,Nc2ccc(Cc1ccc(N)cc1)cc2,C1OC1,No_group,1.25,1.07,0.18
C=CCOC(CC)(CO)CO,O=C=NC2CCC(CC1CCC(N=C=O)CC1)CC2,C=C,No_group,1.18,1.08,0.1
c2cc(OCC1CO1)ccc2Cc4ccc(OCC3CO3)cc4,CCC(COCC(C)OCC(C)N)(COCC(C)OCC(C)N)COCC(C)OCC(C)N,C1OC1,NC,4.73,4.67,0.06
c3cc(N(CC1CO1)CC2CO2)ccc3Cc6ccc(N(CC4CO4)CC5CO5)cc6,NCCOCCOCCN,C1OC1,NC,4.74,4.64,0.1
Cc3cc(c2cc(C)c(OCC1CO1)c(C(C)(C)C)c2)cc(C(C)(C)C)c3OCC4CO4,Nc2ccc(S(=O)(=O)c1ccc(N)cc1)cc2,C1OC1,No_group,1.22,1.07,0.15
O=c1ccc(=O)n1c4ccc(Cc3ccc(n2c(=O)ccc2=O)cc3)cc4,CCC(COC(=O)CCS)(COC(=O)CCS)COC(=O)CCS,C=C,CCS,4.76,4.64,0.12
CC(C)(c2ccc(OC1CO1)cc2)c4ccc(OC3CO3)cc4,CCCCCCCCCCCCCCCN,C1OC1,NC,3.0,2.93,0.07
C=C(C)C(=O)OCC(O)COc2ccc(C(C)(C)c1ccc(OCC(O)COC(=O)C(=C)C)cc1)cc2,C=Cc1cccc(C=C)c1,C=C,No_group,1.12,1.07,0.05
C=C(C)C(=O)OCCOCCOCCOCCOCCOCCOCCOCCOCCOCCOCCOCCOCCOCCOCCOCCOCCOC(=O)C(=C)C,C=C(CCS)OCCn1c(=O)n(CCOC(=O)CCS)c(=O)n(CCOC(=O)CCS)c1=O,C=C,CCS,4.55,4.59,0.04
C=C(C)C(=O)OC,C=C(C)C(=O)OCCOCCOCCOC(=O)C(=C)C,C=C,No_group,1.07,1.09,0.02
CCCCCCCCC1OC1CCCCCCCC(=O)OCC(COC(=O)CCCCCCCC2OC2CC3OC3CC4OC4CC)OC(=O)CCCCCCCC5OC5CC6OC6CC7OC7CC,CCCCCCCCCCCCCCCN,C1OC1,NC,4.62,4.55,0.07
C=C(C)C(=O)OCCOCCOCCOCCOCCOCCOCCOCCOCCOCCOCCOCCOCCOCCOCCOCCOCCOCCOCCOCCOC(=O)C(=C)C,O=c1n(CCS)c(=O)n(CCS)c(=O)n1CCS,C=C,CCS,4.66,4.63,0.03
CC(C)(c2ccc(OC1CO1)cc2)c4ccc(OC3CO3)cc4,NCCNCCN,C1OC1,NC,4.79,4.65,0.14
c3cc(N(CC1CC1)CC2CO2)ccc3OCC4CO4,CC(N)COCC(C)OCC(C)OCC(C)OCC(C)OCC(C)OCC(C)OCCOCCOCCOCCOCCOCCOCCOCCOCCOCCOCCOCCOCCOCCOCCOCCOCCOCCOCCOCCOCCOCCOCCOCCOCCOCCOCCOCCOCC(C)OCC(C)OCC(C)OCC(C)OCC(C)N,C1OC1,NC,3.79,4.09,0.3
c3cc(N(CC1CC1)CC2CO2)ccc3OCC4CO4,NCCOCCOCCN,C1OC1,NC,3.88,4.01,0.13
Cc3cc(c2cc(C)c(OCC1CO1)c(C(C)(C)C)c2)cc(C(C)(C)C)c3OCC4CO4,CC(N)COCC(C)OCC(C)OCC(C)N,C1OC1,NC,3.87,3.84,0.03
c3cc(N(CC1CO1)CC2CO2)ccc3Cc6ccc(N(CC4CO4)CC5CO5)cc6,COCCOCCOCCOCCOCCOCCOCCOCCOCCOCCOCCOCCN,C1OC1,NC,4.65,4.53,0.12
C=C(C)C(=O)OCCOCCOCCOCCOCCOCCOCCOCCOC(=O)C(=C)C,O=c1n(CCS)c(=O)n(CCS)c(=O)n1CCS,C=C,CCS,4.67,4.64,0.03
CC(COc3ccc(C(C)(C)c2ccc(OCC(C)OCC1CO1)cc2)cc3)OCC4CO4,NCc1cccc(CN)c1,C1OC1,NC,3.85,4.16,0.31
C=C(C)C(=O)OCCOCCOCCOCCOCCOCCOCCOCCOCCOCCOCCOCCOCCOCCOCCOCCOCCOC(=O)C(C)=O,C=C(C)C(=O)OCCOCCOCCOCCOCCOCCOCCOCCOCCOC(=O)C(=C)C,C=C,No_group,0.93,1.07,0.14
O=c1ccc(=O)n1c4ccc(Cc3ccc(n2c(=O)ccc2=O)cc3)cc4,C=C(CCS)OCCn1c(=O)n(CCOC(=O)CCS)c(=O)n(CCOC(=O)CCS)c1=O,C=C,CCS,4.73,4.64,0.09
CC(C)(c2ccc(OC1CO1)cc2)c4ccc(OC3CO3)cc4,Nc2ccc(SSc1ccc(N)cc1)cc2,C1OC1,No_group,1.25,1.08,0.17
C=C(C)C(=O)OCCOCCOCCOCCOCCOCCOCCOCCOCCOCCOCCOCCOCCOCCOCCOCCOCCOC(=O)C(=C)C,C=CCc1ccccc1OCC(O)COC(=O)CCCCC(=O)OCC(O)COc2ccccc2CC=C,C=C,No_group,0.95,1.07,0.12
C=CC(=O)OCCn1c(=O)n(CCOC(=O)C=C)c(=O)n(CCOC(=O)C=C)c1=O,C=C(CCS)OCCn1c(=O)n(CCOC(=O)CCS)c(=O)n(CCOC(=O)CCS)c1=O,C=C,CCS,4.59,4.66,0.07
C=CC(=O)OC(C)(C)C,C=CCOCC(COCC=C)(COCC=C)COC(=O)NCC1(C)CC(NC(=O)OCC(COCC=C)(COCC=C)COCC=C)CC(C)(C)C1,C=C,No_group,1.01,1.08,0.07
C=C(C)C(=O)OCCCC,C=C(CCS)OCCn1c(=O)n(CCOC(=O)CCS)c(=O)n(CCOC(=O)CCS)c1=O,C=C,CCS,3.72,3.83,0.11
c3cc(N(CC1CC1)CC2CO2)ccc3OCC4CO4,COCCOCCOCCOCCOCCOCCOCCOCCOCCOCCOCCOCCN,C1OC1,NC,2.9,3.1,0.2
O=c1ccc(=O)n1c4ccc(Cc3ccc(n2c(=O)ccc2=O)cc3)cc4,C=Cc1cccc(C=C)c1,C=C,No_group,1.24,1.08,0.16
c3cc(N(CC1CC1)CC2CO2)ccc3OCC4CO4,CC(N)COCC(C)COCC(C)COCC(C)COCC(C)COCC(C)COCC(C)N,C1OC1,NC,3.82,4.06,0.24
CCCCCCCCC1OC1CCCCCCCC(=O)OCC(COC(=O)CCCCCCCC2OC2CC3OC3CC4OC4CC)OC(=O)CCCCCCCC5OC5CC6OC6CC7OC7CC,Nc2cccc(S(=O)(=O)c1cccc(N)c1)c2,C1OC1,No_group,1.1,1.08,0.02
C=CCc1ccccc1OCC(O)COC(=O)Cc3ccc(C(=O)OCC(O)COc2ccccc2CC=C)cc3,C=C(CCS)OCCn1c(=O)n(CCOC(=O)CCS)c(=O)n(CCOC(=O)CCS)c1=O,C=C,CCS,4.58,4.62,0.04
Cc3cc(c2cc(C)c(OCC1CO1)c(C(C)(C)C)c2)cc(C(C)(C)C)c3OCC4CO4,Nc2ccc(SSc1ccc(N)cc1)cc2,C1OC1,No_group,1.18,1.07,0.11
C=C(C)C(=O)OC,C=COC(=O)CCCCCC(C)(C)C,C=C,No_group,1.08,1.08,0.0
CC(C)(c2ccc(OCCOCCOCCOCC1CO1)cc2)c4ccc(OCCOCCOCCOCC3CO3)cc4,CCC(COCC(C)COCC(C)N)(COCC(C)OCC(C)N)COCC(C)OCC(C)N,C1OC1,NC,4.58,4.65,0.07
C=C(C)C(=O)OCC(O)COc2ccc(C(C)(C)c1ccc(OCC(O)COC(=O)C(=C)C)cc1)cc2,C=C(C)C(=O)OCCOCCOCCOCCOCCOCCOCCOCCOCCOCCOCCOCCOCCOCCOCCOCCOCCOCCOCCOCCOC(=O)C(=C)C,C=C,No_group,0.98,1.08,0.1
C=C(C)C(=O)OCCCC,C=CCOCC(CO)(COCC=C)COCC=C,C=C,No_group,1.09,1.08,0.01
C=C(C)C(=O)OC,C=C(C)C(=O)OCCOCCOCCOCCOCCOCCOCCOCCOCCOCCOCCOCCOCCOCCOCCOCCOCCOC(=O)C(=C)C,C=C,No_group,1.0,1.09,0.09
O=C(OCC1CO1)C3CC2OC2CC3C(=O)OCC4CO4,COCCOCCOCCOCCOCCOCCOCCOCCOCCOCCOCCOCCOCCOCCOCCOCCOCCOCCOCCOCCOCC(C)N,C1OC1,NC,3.74,3.22,0.52
C=CCc1ccccc1OCC(O)COC(=O)Cc3ccc(C(=O)OCC(O)COc2ccccc2CC=C)cc3,C=C(CCS)OCC(COC(=O)CCS)(COC(=O)CCS)COC(=O)CCSC(=O)NCC1(C)CC(NC(=O)SCCC(=O)OCC(COC(=O)CCS)(COC(=O)CCS)COC(=O)CCS)CC(C)(C)C1,C=C,CCS,4.55,4.56,0.01
c3cc(N(CC1CO1)CC2CO2)ccc3OCC4CO4,NCCNCCN,C1OC1,NC,4.76,4.67,0.09
C=Cc1ccccc1,C=C(CCS)OCC(COC(=O)CCS)(COC(=O)CCS)COC(=O)CCSC(=O)NCC1(C)CC(NC(=O)SCCC(=O)OCC(COC(=O)CCS)(COC(=O)CCS)COC(=O)CCS)CC(C)(C)C1,C=C,CCS,4.63,4.58,0.05
C=C(C)C(=O)OCC(O)COc2ccc(C(C)(C)c1ccc(OCC(O)COC(=O)C(=C)C)cc1)cc2,CC(=O)OCCOCCOCCOCCOCCOCCOCCOCCOCCOCCOC(=O)C(C)=O,C=C,No_group,0.99,1.06,0.07
C=C(C)C(=O)OCCOCCOCCOCCOCCOCCOCCOCCOCCOCCOCCOCCOC(=O)C(=C)C,O=c1n(CCS)c(=O)n(CCS)c(=O)n1CCS,C=C,CCS,4.66,4.64,0.02
C=C(C)C(=O)OCCOCCOCCOCCOCCOCCOCCOCCOCCOC(=O)C(=C)C,CCCC(=O)OCC(CC)(COC(=O)CCS)COC(=O)CCS,C=C,CCS,3.69,3.63,0.06
C=C(C)C(=O)OCCOCCOCCOCCOCCOCCOCCOCCOCCOCCOCCOCCOCCOCCOCCOCCOCCOC(=O)C(C)=O,C=C(CCS)OCCn1c(=O)n(CCOC(=O)CCS)c(=O)n(CCOC(=O)CCS)c1=O,C=C,CCS,3.65,3.37,0.28
C=Cc1ccccc1,C=C(C)C(=O)OC,C=C,No_group,1.12,1.08,0.04
CC(C)(C4CCC(OCC(O)COC3CCC(C(C)(C)C2CCC(OCC1CO1)CC2)CC3)CC4)C6CCC(OCC5CO5)CC6,CC(N)COCC(C)OCC(C)OCC(C)OCC(C)OCC(C)OCC(C)N,C1OC1,NC,3.72,3.62,0.1
C=C(C)C(=C)OCOCCOC(=O)C(=C)C,CCCC(=O)OCC(CC)(COC(=O)CCS)COC(=O)CCS,C=C,CCS,4.61,4.62,0.01
CC(C)(c2ccc(OCC1CO1)cc2)c4ccc(OCC3CO3)cc4,CC(N)COCC(C)OCC(C)OCC(C)N,C1OC1,NC,3.92,3.82,0.1
C=CC(=O)OCCn1c(=O)n(CCOC(=O)C=C)c(=O)n(CCOC(=O)C=C)c1=O,O=c1n(CCS)c(=O)n(CCS)c(=O)n1CCS,C=C,CCS,4.7,4.68,0.02
CC(C)(c4ccc(OCC(O)COc3ccc(C(C)(C)c2ccc(OCC1CO1)cc2)cc3)cc4)c6ccc(OCC5CO5)cc6,NCCCOCCOCCCN,C1OC1,NC,3.75,3.64,0.11
C=CC(=O)OC(C)(C)C,C=C(C)C(=O)OC,C=C,No_group,1.09,1.08,0.01
C=CCOCC(CO)(COCC=C)COCC=C,CCC(COC(=O)CCS)(COC(=O)CCS)COC(=O)CCS,C=C,CCS,4.66,4.66,0.0
CC(C)(c2ccc(OCCOCCOCCOC1CO1)cc2)c4ccc(OCCOCCOCCC3CO3)cc4,Nc2ccc(S(=O)(=O)c1ccc(N)cc1)cc2,C1OC1,No_group,1.13,1.07,0.06
c3cc(N(CC1CO1)CC2CO2)ccc3Cc6ccc(N(CC4CO4)CC5CO5)cc6,CCCCCCCCCCCCN,C1OC1,NC,4.75,4.44,0.31
CC(C)(c2ccc(OCC1CO1)cc2)c4ccc(OCC3CO3)cc4,CC(N)COCC(C)OCC(C)OCC(C)N,C1OC1,NC,3.92,3.82,0.1
CC(C)(c2ccc(OCCOCCOCCOC1CO1)cc2)c4ccc(OCCOCCOCCC3CO3)cc4,CC(N)COCC(C)OCC(C)OCC(C)N,C1OC1,NC,3.78,3.7,0.08
CC(C)(c2ccc(OC1CO1)cc2)c4ccc(OC3CO3)cc4,CC(N)COCC(C)OCC(C)OCC(C)OCC(C)OCC(C)OCC(C)OCCOCCOCCOCCOCCOCCOCCOCCOCCOCCOCCOCCOCCOCCOCCOCCOCCOCCOCCOCCOCCOCCOCCOCCOCCOCCOCCOCCOCC(C)OCC(C)OCC(C)OCC(C)OCC(C)N,C1OC1,NC,3.81,3.73,0.08
CC(=O)OCCOCCOCCOCCOCCOCCOCCOCCOCCOCCOC(=O)C(C)=O,C=C(C)C(=O)OCCOCCOCCOCCOCCOC(=O)C(C)=O,No_group,C=C,0.95,1.05,0.1
C=CCOCC(CO)(COCC=C)COCC=C,CCCC(=O)OCC(CC)(COC(=O)CCS)COC(=O)CCS,C=C,CCS,4.67,4.53,0.14
CC(C)(c2ccc(OCC1CO1)cc2)c4ccc(OCC3CO3)cc4,CC(N)COCC(C)COCC(C)COCC(C)COCC(C)COCC(C)COCC(C)N,C1OC1,NC,3.83,3.79,0.04
C=Cc1cccc(C=C)c1,C=C(CCS)OCCn1c(=O)n(CCOC(=O)CCS)c(=O)n(CCOC(=O)CCS)c1=O,C=C,CCS,4.68,4.64,0.04
C=C(C)C(=O)OCCOCCOCCOCCOCCOCCOCCOCCOC(=O)C(=C)C,CC(=O)OCCOCCOCCOCCOCCOCCOCCOCCOCCOCCOC(=O)C(C)=O,C=C,No_group,0.94,1.06,0.12
C=CCOCC(CO)(COCC=C)COCC=C,C=C(CCS)OCCn1c(=O)n(CCOC(=O)CCS)c(=O)n(CCOC(=O)CCS)c1=O,C=C,CCS,4.64,4.66,0.02
O=c1ccc(=O)n1c4ccc(Cc3ccc(n2c(=O)ccc2=O)cc3)cc4,CCC(COC(=O)CCS)(COC(=O)CCS)COC(=O)CCS,C=C,CCS,4.76,4.64,0.12
C=C(C)C(=O)OC,C=CCn1c(=O)n(CC=C)c(=O)n(CC=C)c1=O,C=C,No_group,1.15,1.09,0.06
C=CCn1c(=O)n(CC=C)c(=O)n(CC=C)c1=O,CCCC(=O)OCC(CC)(COC(=O)CCS)COC(=O)CCS,C=C,CCS,4.74,4.64,0.1
CCO[Si](CCCN(CCOC(=O)CCO)CCOC(=O)CCO)(OCC)OCC,CC1(C)CC(N=C=O)CC(C)(N=C=O)C1,No_group,NC,1.08,1.08,0.0
C=CCc4ccc(OCC1CO1)c(c2cc(CC=C)ccc2OCC3CO3)c4,COCCOCCOCCOCCOCCOCCOCCOCCOCCOCCOCCOCCOCCOCCOCCOCCOCCOCCOCCOCCOCCOCCOCCOCCOCCOCCOCCOCCOCCOCCOCCOCCOCCOCCOCCOCCOCCOCC(C)OCC(C)OCC(C)OCC(C)OCC(C)OCC(C)N,C=C,No_group,1.03,1.09,0.06
C=CC(=O)OCCCC,C=C(CCS)OCC(COC(=O)CCS)(COC(=O)CCS)COC(=O)CCSC(=O)NCC1(C)CC(NC(=O)SCCC(=O)OCC(COC(=O)CCS)(COC(=O)CCS)COC(=O)CCS)CC(C)(C)C1,C=C,CCS,4.59,4.54,0.05
CC(C)(c2ccc(OCC1CO1)cc2)c4ccc(OCC3CO3)cc4,NCc1cccc(CN)c1,C1OC1,NC,3.93,4.1,0.17
Cc3cc(c2cc(C)c(OCC1CO1)c(C)c2)cc(C)c3OCC4CO4,NCCNCCN(CCNCCC(CN)CCN)CCN(CCNCCN)CCN(CCN)CCN,C1OC1,NC,4.69,4.63,0.06
C=C(C)C(=O)OC,C=C(CCS)OCC(COC(=O)CCS)(COC(=O)CCS)COC(=O)CCSC(=O)NCC1(C)CC(NC(=O)SCCC(=O)OCC(COC(=O)CCS)(COC(=O)CCS)COC(=O)CCS)CC(C)(C)C1,C=C,CCS,4.59,4.57,0.02
c2cc(OCC1CO1)ccc2Cc4ccc(OCC3CO3)cc4,NCCNCCN(CCNCCC(CN)CCN)CCN(CCNCCN)CCN(CCN)CCN,C1OC1,NC,4.69,4.63,0.06
CC(C)(c2ccc(OCC1CO1)cc2)c4ccc(OCC3CO3)cc4,Nc2ccc(SSc1ccc(N)cc1)cc2,C1OC1,No_group,1.23,1.07,0.16
C=CCc4ccc(OCC1CO1)c(c2cc(CC=C)ccc2OCC3CO3)c4,CC(N)COCC(C)OCC(C)OCC(C)N,C=C,No_group,1.15,1.09,0.06
CC(C)(C4CCC(OCC(O)COC3CCC(C(C)(C)C2CCC(OCC1CO1)CC2)CC3)CC4)C6CCC(OCC5CO5)CC6,NCCOCCOCCN,C1OC1,NC,3.76,3.19,0.57
CC(C)(c2ccc(OCC1CO1)cc2)c4ccc(OCC3CO3)cc4,Nc2ccc(Cc1ccc(N)cc1)cc2,C1OC1,No_group,1.25,1.07,0.18
CC(C)(c2ccc(OCC1CO1)cc2)c4ccc(OCC3CO3)cc4,CCC(COCC(C)OCC(C)N)(COCC(C)OCC(C)N)COCC(C)OCC(C)N,C1OC1,NC,4.73,4.66,0.07
O=C=Nc2ccc(Cc1ccc(N=C=O)cc1)cc2,COCCCCOC(=O)CCCCC(=O)OCCCCOC(=O)CCCCC(=O)OCCCCOC(=O)CCCCC(C)=O,No_group,No_group,1.07,1.06,0.01
CCCCCCCCC1OC1CCCCCCCC(=O)OCC(COC(=O)CCCCCCCC2OC2CC3OC3CC4OC4CC)OC(=O)CCCCCCCC5OC5CC6OC6CC7OC7CC,CC(C)(C)N,C1OC1,NC,4.62,4.51,0.11
C=C(C)C(=C)OCOCCOC(=O)C(=C)C,C=CCOCC(COCC=C)(COCC=C)COC(=O)NCC1(C)CC(NC(=O)OCC(COCC=C)(COCC=C)COCC=C)CC(C)(C)C1,C=C,No_group,0.96,1.09,0.13
CC(COc3ccc(C(C)(C)c2ccc(OCC(C)OCC1CO1)cc2)cc3)OCC4CO4,CC(N)COCC(C)OCC(C)OCC(C)OCC(C)OCC(C)OCC(C)N,C1OC1,NC,3.78,3.82,0.04
C=COC(=O)CCCCCC(C)(C)C,CC(=O)OCCOCCOCCOCCOCCOCCOCCOCCOCCOCCOC(=O)C(C)=O,C=C,No_group,1.01,1.06,0.05
CC(C)(c2ccc(OCC1CO1)cc2)c4ccc(OCC3CO3)cc4,CC(N)COCC(C)OCC(C)OCC(C)N,C1OC1,NC,3.92,3.82,0.1
Cc3cc(c2cc(C)c(OCC1CO1)c(C)c2)cc(C)c3OCC4CO4,CC(C)(C)N,C1OC1,NC,2.99,2.94,0.05
C=CC(=O)OCCCC,O=c1n(CCS)c(=O)n(CCS)c(=O)n1CCS,C=C,CCS,3.83,3.91,0.08
C=CC(=O)OCCn1c(=O)n(CCOC(=O)C=C)c(=O)n(CCOC(=O)C=C)c1=O,C=C(C)C(=O)OC,C=C,No_group,1.04,1.08,0.04
CCCC(=O)OCC(CC)(COC(=O)CCS)COC(=O)CCS,C=CCOCC(COCC=C)(COCC=C)COC(=O)NCC1(C)CC(NC(=O)OCC(COCC=C)(COCC=C)COCC=C)CC(C)(C)C1,CCS,C=C,4.59,4.63,0.04
C=C(C)C(=C)OCOCCOC(=O)C(=C)C,C=C(C)C(=O)OCCOCCOCCOC(=O)C(=C)C,C=C,No_group,1.02,1.08,0.06
CCCCCCCCC1OC1CCCCCCCC(=O)OCC(COC(=O)CCCCCCCC2OC2CC3OC3CC4OC4CC)OC(=O)CCCCCCCC5OC5CC6OC6CC7OC7CC,Nc2ccc(S(=O)(=O)c1ccc(N)cc1)cc2,C1OC1,No_group,1.1,1.08,0.02
C=Cc1cccc(C=C)c1,O=c1n(CCS)c(=O)n(CCS)c(=O)n1CCS,C=C,CCS,4.79,4.65,0.14
C=CC(=O)OCCCC,CC(=O)OCCOCCOCCOCCOCCOCCOCCOCCOCCOCCOC(=O)C(C)=O,C=C,No_group,1.0,1.06,0.06
C=C(C)C(=O)OCCOCCOCCOCCOCCOCCOCCOCCOCCOCCOCCOCCOCCOCCOCCOCCOCCOC(=O)C(=C)C,C=C(CCS)OCCn1c(=O)n(CCOC(=O)CCS)c(=O)n(CCOC(=O)CCS)c1=O,C=C,CCS,4.55,4.59,0.04
Cc3cc(c2cc(C)c(OCC1CO1)c(C(C)(C)C)c2)cc(C(C)(C)C)c3OCC4CO4,COCCOCCOCCOCCOCCOCCOCCOCCOCCOCCOCCOCCOCCOCCOCCOCCOCCOCCOCCOCCOCCOCCOCCOCCOCCOCCOCCOCCOCCOCCOCCOCCOCCOCC(C)OCC(C)OCC(C)OCC(C)OCC(C)OCC(C)OCC(C)OCC(C)OCC(C)OCC(C)N,C1OC1,NC,2.84,2.74,0.1
C=CCOCC(CO)(COCC=C)COCC=C,O=c1n(CCS)c(=O)n(CCS)c(=O)n1CCS,C=C,CCS,4.75,4.68,0.07
CC(C)(c4ccc(OCC(O)COc3ccc(C(C)(C)c2ccc(OCC1CO1)cc2)cc3)cc4)c6ccc(OCC5CO5)cc6,NCCNCCN,C1OC1,NC,4.63,4.64,0.01
O=C(OCC1CO1)C3CC2OC2CC3C(=O)OCC4CO4,Nc2ccc(SSc1ccc(N)cc1)cc2,C1OC1,No_group,1.18,1.07,0.11
Cc3cc(c2cc(C)c(OCC1CO1)c(C)c2)cc(C)c3OCC4CO4,CC(N)COCC(C)OCC(C)OCC(C)OCCOCCOCCOCCOCCOCCOCCOCCOCCOCCOCCOCCOCC(C)OCC(C)OCC(C)N,C1OC1,NC,3.8,3.82,0.02
CC(C)(C4CCC(OCC(O)COC3CCC(C(C)(C)C2CCC(OCC1CO1)CC2)CC3)CC4)C6CCC(OCC5CO5)CC6,O=C(OCC1CO1)C3CC2OC2CC3C(=O)OCC4CO4,C1OC1,No_group,1.07,1.08,0.01
O=C=Nc2ccc(Cc1ccc(N=C=O)cc1)cc2,COCCCCOC(=O)CCCCC(=O)OCCCCOC(=O)CCCCC(=O)OCCCCOC(=O)CCCCC(C)=O,No_group,No_group,1.07,1.06,0.01
CC(C)(c2ccc(OCC1CO1)cc2)c4ccc(OCC3CO3)cc4,CC(N)COCC(C)OCC(C)OCC(C)OCCOCCOCCOCCOCCOCCOCCOCCOCCOCCOCCOCCOCC(C)OCC(C)OCC(C)N,C1OC1,NC,3.79,3.72,0.07
CC(C)(c2ccc(OCCOCCOCCOCC1CO1)cc2)c4ccc(OCCOCCOCCOCC3CO3)cc4,CCc1cc(C)c(N)c(CC)c1N,C1OC1,No_group,1.1,1.08,0.02
C=CCOC(CC)(CO)CO,O=c1n(CCS)c(=O)n(CCS)c(=O)n1CCS,C=C,CCS,3.88,3.77,0.11
Nc2ccc(Oc1ccc(N)cc1)cc2,CCc1cc(C)c(N)c(CC)c1N,No_group,No_group,1.25,1.03,0.22
C=C(C)C(=O)OCCOCCOCCOCCOCCOCCOCCOCCOC(=O)C(C)=O,C=C(CCS)OCC(COC(=O)CCS)(COC(=O)CCS)COC(=O)CCSC(=O)NCC1(C)CC(NC(=O)SCCC(=O)OCC(COC(=O)CCS)(COC(=O)CCS)COC(=O)CCS)CC(C)(C)C1,C=C,CCS,4.52,4.49,0.03
C=COC(=O)CCCCCC(C)(C)C,C=C(C)C(=O)OCCOCCOCCOCCOCCOCCOCCOCCOCCOCCOCCOCCOC(=O)C(=C)C,C=C,No_group,1.01,1.09,0.08
C=CCc1ccccc1OCC(O)COC(=O)CCCCC(=O)OCC(O)COc2ccccc2CC=C,C=CC(=O)OCCCC,C=C,No_group,1.02,1.07,0.05
C=CCOCC(COCC=C)(COCC=C)COC(=O)NCC1(C)CC(NC(=O)OCC(COCC=C)(COCC=C)COCC=C)CC(C)(C)C1,C=C(CCS)OCC(COC(=O)CCS)(COC(=O)CCS)COC(=O)CCSC(=O)NCC1(C)CC(NC(=O)SCCC(=O)OCC(COC(=O)CCS)(COC(=O)CCS)COC(=O)CCS)CC(C)(C)C1,C=C,CCS,4.52,4.57,0.05
C=CCc1ccccc1OCC(O)COC(=O)CCCCC(=O)OCC(O)COc2ccccc2CC=C,C=C(CCS)OCC(COC(=O)CCS)(COC(=O)CCS)COC(=O)CCSC(=O)NCC1(C)CC(NC(=O)SCCC(=O)OCC(COC(=O)CCS)(COC(=O)CCS)COC(=O)CCS)CC(C)(C)C1,C=C,CCS,4.54,4.56,0.02
CC(C)(c2ccc(OCC1CO1)cc2)c4ccc(OCC3CO3)cc4,Nc2ccc(Cc1ccc(N)cc1)cc2,C1OC1,No_group,1.25,1.07,0.18
CC(C)(c2ccc(OCCOCC1CO1)cc2)c4ccc(OCCOCC3CO3)cc4,O=C1OC(=O)C2CCCCC12,C1OC1,No_group,1.08,1.08,0.0
C=CCn1c(=O)n(CC=C)c(=O)n(CC=C)c1=O,C=CCOCC(COCC=C)(COCC=C)COC(=O)NCC1(C)CC(NC(=O)OCC(COCC=C)(COCC=C)COCC=C)CC(C)(C)C1,C=C,No_group,1.08,1.09,0.01
CC(C)(c2ccc(OCC1CO1)cc2)c4ccc(OCC3CO3)cc4,CC(N)COCC(C)COCC(C)COCC(C)COCC(C)COCC(C)COCC(C)N,C1OC1,NC,3.83,3.79,0.04
C=C(C)C(=O)OCCCC,C=Cc1cccc(C=C)c1,C=C,No_group,1.13,1.08,0.05
C=CCOC(CC)(CO)CO,C=COC(=O)CCCCCC(C)(C)C,C=C,No_group,1.13,1.08,0.05
CC(C/C=C\CC(=O)OCC(O)COc3ccc(C(C)(C)c2ccc(OCC1CO1)cc2)cc3)C(=O)OCC(O)COc6ccc(C(C)(C)c5ccc(OCC4CO4)cc5)cc6,CCCCCCCCCN,C=C,No_group,1.05,1.08,0.03
C=CCc4ccc(OCC1CO1)c(c2cc(CC=C)ccc2OCC3CO3)c4,CC(N)COCC(C)OCC(C)OCC(C)OCC(C)OCC(C)OCC(C)OCCOCCOCCOCCOCCOCCOCCOCCOCCOCCOCCOCCOCCOCCOCCOCCOCCOCCOCCOCCOCCOCCOCCOCCOCCOCCOCCOCCOCC(C)OCC(C)OCC(C)OCC(C)OCC(C)N,C=C,No_group,1.03,1.1,0.07
CC(C)(c2ccc(OCC1CO1)cc2)c4ccc(OCC3CO3)cc4,Nc2ccc(Cc1ccc(N)cc1)cc2,C1OC1,No_group,1.25,1.07,0.18
c3cc(N(CC1CO1)CC2CO2)ccc3Cc6ccc(N(CC4CO4)CC5CO5)cc6,COCCOCCOCCOCCOCCOCCOCCOCCOCCOCCOCCOCCOCCOCCOCCOCCOCCOCCOCCOCCOCC(C)N,C1OC1,NC,4.64,4.41,0.23
C=CC(=O)OCCCC,C=C(C)C(=O)OCCOCCOCCOC(=O)C(=C)C,C=C,No_group,1.06,1.08,0.02
C=CCc1ccccc1OCC(O)COC(=O)Cc3ccc(C(=O)OCC(O)COc2ccccc2CC=C)cc3,O=c1n(CCS)c(=O)n(CCS)c(=O)n1CCS,C=C,CCS,4.69,4.64,0.05
C=CCOCC(COCC=C)(COCC=C)COC(=O)NCC1(C)CC(NC(=O)OCC(COCC=C)(COCC=C)COCC=C)CC(C)(C)C1,C=C(CCS)OCC(COC(=O)CCS)(COC(=O)CCS)COC(=O)CCSC(=O)NCC1(C)CC(NC(=O)SCCC(=O)OCC(COC(=O)CCS)(COC(=O)CCS)COC(=O)CCS)CC(C)(C)C1,C=C,CCS,4.52,4.57,0.05
C=C(C)C(=O)OCCOCCOCCOCCOCCOCCOCCOCCOCCOCCOCCOCCOCCOCCOCCOCCOCCOC(=O)C(C)=O,C=C(CCS)OCC(COC(=O)CCS)(COC(=O)CCS)COC(=O)CCSC(=O)NCC1(C)CC(NC(=O)SCCC(=O)OCC(COC(=O)CCS)(COC(=O)CCS)COC(=O)CCS)CC(C)(C)C1,C=C,CCS,4.51,4.27,0.24
CC(C)(c2ccc(OCC1CO1)cc2)c4ccc(OCC3CO3)cc4,NCCOCCOCCN,C1OC1,NC,3.89,3.75,0.14
C=CCOC(CC)(CO)CO,C=CCc1ccccc1OCC(O)COC(=O)CCCCC(=O)OCC(O)COc2ccccc2CC=C,C=C,No_group,1.08,1.07,0.01
C=CC(=O)OC(C)(C)C,CCCC(=O)OCC(CC)(COC(=O)CCS)COC(=O)CCS,C=C,CCS,2.87,2.91,0.04
C=C(C)C(=O)OCCOCCOCCOCCOCCOCCOCCOCCOC(=O)C(C)=O,C=C(CCS)OCC(COC(=O)CCS)(COC(=O)CCS)COC(=O)CCSC(=O)NCC1(C)CC(NC(=O)SCCC(=O)OCC(COC(=O)CCS)(COC(=O)CCS)COC(=O)CCS)CC(C)(C)C1,C=C,CCS,4.52,4.49,0.03
C=C(C)C(=O)OCCOCCOCCOCCOCCOCCOCCOCCOCCOCCOCCOCCOCCOCCOCCOCCOCCOCCOCCOCCOC(=O)C(=C)C,C=C(CCS)OCC(COC(=O)CCS)(COC(=O)CCS)COC(=O)CCSC(=O)NCC1(C)CC(NC(=O)SCCC(=O)OCC(COC(=O)CCS)(COC(=O)CCS)COC(=O)CCS)CC(C)(C)C1,C=C,CCS,4.52,4.57,0.05
C=C(C)C(=O)OCCOCCOCCOCCOCCOC(=O)C(C)=O,C=C(CCS)OCCn1c(=O)n(CCOC(=O)CCS)c(=O)n(CCOC(=O)CCS)c1=O,C=C,CCS,3.68,3.56,0.12
C=CCOC(CC)(CO)CO,C=CCOCC(CO)(COCC=C)COCC=C,C=C,No_group,1.14,1.07,0.07
CC(C)(C4CCC(OCC(O)COC3CCC(C(C)(C)C2CCC(OCC1CO1)CC2)CC3)CC4)C6CCC(OCC5CO5)CC6,CC(CN)CCCN,C1OC1,NC,3.78,3.78,0.0
C=C(C)C(=O)OCCOCCOCCOCCOCCOCCOCCOCCOC(=O)C(=C)C,C=CC(=O)OCCCC,C=C,No_group,1.01,1.08,0.07
CCCCCCCCC1OC1CCCCCCCC(=O)OCC(COC(=O)CCCCCCCC2OC2CC3OC3CC4OC4CC)OC(=O)CCCCCCCC5OC5CC6OC6CC7OC7CC,CC(N)COCC(C)OCC(C)OCC(C)OCC(C)OCC(C)OCC(C)N,C1OC1,NC,4.59,4.59,0.0
C1OC1COC3COC4C(OC2CO2)COC34,COCCOCCOCCOCCOCCOCCOCCOCCOCCOCCOCCOCCOCCOCCOCCOCCOCCOCCOCCOCCOCCOCCOCCOCCOCCOCCOCCOCCOCCOCCOCCOCCOCCOCC(C)OCC(C)OCC(C)OCC(C)OCC(C)OCC(C)OCC(C)OCC(C)OCC(C)OCC(C)N,C1OC1,NC,2.87,2.86,0.01
CC(C)(c2ccc(OCC1CO1)cc2)c4ccc(OCC3CO3)cc4,CC(N)COCC(C)OCC(C)OCC(C)OCCOCCOCCOCCOCCOCCOCCOCCOCCOCCOCCOCCOCC(C)OCC(C)OCC(C)N,C1OC1,NC,3.79,3.72,0.07
C=C(C)C(=O)OCCOCCOCCOCCOCCOCCOCCOCCOCCOCCOCCOCCOCCOCCOCCOCCOCCOC(=O)C(=C)C,C=Cc1cccc(C=C)c1,C=C,No_group,1.06,1.07,0.01
C=CCn1c(=O)n(CC=C)c(=O)n(CC=C)c1=O,C=CCOCC(CO)(COCC=C)COCC=C,C=C,No_group,1.16,1.08,0.08
C=C(C)C(=O)OC,C=C(C)C(=O)OCCOCCOCCOC(=O)C(=C)C,C=C,No_group,1.07,1.09,0.02
C=Cc1ccccc1,CCCC(=O)OCC(CC)(COC(=O)CCS)COC(=O)CCS,C=C,CCS,2.9,3.05,0.15
CC(C/C=C\CC(=O)OCC(O)COc3ccc(C(C)(C)c2ccc(OCC1CO1)cc2)cc3)C(=O)OCC(O)COc6ccc(C(C)(C)c5ccc(OCC4CO4)cc5)cc6,CC(N)COCC(C)OCC(C)OCC(C)OCCOCCOCCOCCOCCOCCOCCOCCOCCOCCOCCOCCOCC(C)OCC(C)OCC(C)N,C=C,No_group,0.93,1.09,0.16
CC(C)(c2ccc(OCCOCCOCCOCC1CO1)cc2)c4ccc(OCCOCCOCCOCC3CO3)cc4,CC1(C)CC(N)CC(C)(CN)C1,C1OC1,NC,3.79,3.73,0.06
C=C(C)C(=O)OCC(O)COc2ccc(C(C)(C)c1ccc(OCC(O)COC(=O)C(=C)C)cc1)cc2,CCC(COC(=O)CCS)(COC(=O)CCS)COC(=O)CCS,C=C,CCS,4.64,4.6,0.04
C1OC1COC3COC4C(OC2CO2)COC34,CCCCCCCCCN,C1OC1,NC,2.99,3.01,0.02
c3cc(N(CC1CO1)CC2CO2)ccc3Cc6ccc(N(CC4CO4)CC5CO5)cc6,CCc1cc(C)c(N)c(CC)c1N,C1OC1,No_group,1.19,1.09,0.1
Cc3cc(c2cc(C)c(OCC1CO1)c(C)c2)cc(C)c3OCC4CO4,CCCCCCCCCCCCN,C1OC1,NC,3.0,3.12,0.12
CC(C)(c2ccc(OCCOCCOCCOCC1CO1)cc2)c4ccc(OCCOCCOCCOCC3CO3)cc4,CC(CN)CCCN,C1OC1,NC,3.77,3.94,0.17
C=C(C)C(=O)OCCOCCOCCOCCOCCOCCOCCOCCOC(=O)C(C)=O,CCCC(=O)OCC(CC)(COC(=O)CCS)COC(=O)CCS,C=C,CCS,2.79,2.83,0.04
C=C(C)C(=O)OCCOCCOCCOCCOCCOCCOCCOCCOC(=O)C(=C)C,C=CCOC(CC)(CO)CO,C=C,No_group,1.06,1.08,0.02
c3cc(N(CC1CO1)CC2CO2)ccc3OCC4CO4,CC(N)COCC(C)OCC(C)OCC(C)OCC(C)OCC(C)OCC(C)N,C1OC1,NC,4.75,4.63,0.12
C=CCc4ccc(OCC1CO1)c(c2cc(CC=C)ccc2OCC3CO3)c4,CC(CN)CCCN,C=C,No_group,1.15,1.09,0.06
C=CCOC(CC)(CO)CO,C=C(CCS)OCCn1c(=O)n(CCOC(=O)CCS)c(=O)n(CCOC(=O)CCS)c1=O,C=C,CCS,3.78,3.34,0.44
C=CC(=O)OC(C)(C)C,C=C(CCS)OCCn1c(=O)n(CCOC(=O)CCS)c(=O)n(CCOC(=O)CCS)c1=O,C=C,CCS,3.74,3.61,0.13
C=CCOC(CC)(CO)CO,C=C(CCS)OCC(COC(=O)CCS)(COC(=O)CCS)COC(=O)CCSC(=O)NCC1(C)CC(NC(=O)SCCC(=O)OCC(COC(=O)CCS)(COC(=O)CCS)COC(=O)CCS)CC(C)(C)C1,C=C,CCS,4.64,4.25,0.39
CC(C)(c2ccc(OCCOCCOCCOC1CO1)cc2)c4ccc(OCCOCCOCCC3CO3)cc4,CC(N)COCC(C)COCC(C)COCC(C)COCC(C)COCC(C)COCC(C)N,C1OC1,NC,3.69,3.68,0.01
C=C(C)C(=O)OCCOCCOCCOCCOCCOCCOCCOCCOCCOCCOCCOCCOCCOCCOCCOCCOCCOC(=O)C(=C)C,C=C(C)C(=O)OCCOCCOCCOC(=O)C(=C)C,C=C,No_group,0.99,1.08,0.09
CC(C)(c2ccc(OCCOCCOCCOC1CO1)cc2)c4ccc(OCCOCCOCCC3CO3)cc4,NCc1cccc(CN)c1,C1OC1,NC,3.79,3.85,0.06
CC(COc3ccc(C(C)(C)c2ccc(OCC(C)OCC1CO1)cc2)cc3)OCC4CO4,Nc1cccc(N)c1,C1OC1,No_group,1.12,1.08,0.04
C=CCOC(CC)(CO)CO,C=CC(=O)OCCCC,C=C,No_group,1.12,1.07,0.05
C=C(C)C(=O)OCCCC,C=C(C)C(=O)OCCOCCOCCOCCOCCOC(=O)C(C)=O,C=C,No_group,1.02,1.08,0.06
CC(C)(C4CCC(OCC(O)COC3CCC(C(C)(C)C2CCC(OCC1CO1)CC2)CC3)CC4)C6CCC(OCC5CO5)CC6,CCC(COCC(C)OCC(C)N)(COCC(C)OCC(C)N)COCC(C)OCC(C)N,C1OC1,NC,4.6,4.57,0.03
CC(C)(c2ccc(OCC1CO1)cc2)c4ccc(OCC3CO3)cc4,CC(C)(c2ccc(OCCOCCOCCOCC1CO1)cc2)c4ccc(OCCOCCOCCOCC3CO3)cc4,C1OC1,No_group,1.1,1.09,0.01
CC(C)(c2ccc(OCC1CO1)cc2)c4ccc(OCC3CO3)cc4,CC(C)(COCC1CO1)COCC2CO2,C1OC1,No_group,1.21,1.09,0.12
Nc2ccc(Oc1ccc(N)cc1)cc2,NCCNCCN,No_group,NC,1.18,1.07,0.11
C=C(C)C(=C)OCOCCOC(=O)C(=C)C,C=CCOCC(CO)(COCC=C)COCC=C,C=C,No_group,1.04,1.08,0.04
C1OC1COC3COC4C(OC2CO2)COC34,CC(N)COCC(C)OCC(C)OCC(C)OCC(C)OCC(C)OCC(C)N,C1OC1,NC,3.83,4.0,0.17
C=C(C)C(=O)OCCCC,C=C(CCS)OCC(COC(=O)CCS)(COC(=O)CCS)COC(=O)CCSC(=O)NCC1(C)CC(NC(=O)SCCC(=O)OCC(COC(=O)CCS)(COC(=O)CCS)COC(=O)CCS)CC(C)(C)C1,C=C,CCS,4.59,4.55,0.04
CC(C)(c2ccc(OC1CO1)cc2)c4ccc(OC3CO3)cc4,O=C(O)CC(CC(=O)O)C(=O)O,C1OC1,No_group,1.22,1.08,0.14
C=C(C)C(=O)OCCOCCOCCOC(=O)C(=C)C,O=c1n(CCS)c(=O)n(CCS)c(=O)n1CCS,C=C,CCS,4.73,4.64,0.09
C1OC1COC3COC4C(OC2CO2)COC34,Nc2ccc(SSc1ccc(N)cc1)cc2,C1OC1,No_group,1.21,1.08,0.13
C=CCOCC(CO)(COCC=C)COCC=C,CCC(COC(=O)CCS)(COC(=O)CCS)COC(=O)CCS,C=C,CCS,4.66,4.66,0.0
C=C(C)C(=O)OCCCC,CCCC(=O)OCC(CC)(COC(=O)CCS)COC(=O)CCS,C=C,CCS,2.86,2.9,0.04
C=C(C)C(=O)OCCOCCOCCOC(=O)C(=C)C,CCC(COC(=O)CCS)(COC(=O)CCS)COC(=O)CCS,C=C,CCS,4.64,4.62,0.02
C=CCc1ccccc1OCC(O)COC(=O)Cc3ccc(C(=O)OCC(O)COc2ccccc2CC=C)cc3,CCC(COC(=O)CCS)(COC(=O)CCS)COC(=O)CCS,C=C,CCS,4.61,4.62,0.01
Nc2ccc(Oc1ccc(N)cc1)cc2,CC(C)(c3ccc(Oc2ccc1c(=O)oc(=O)c1c2)cc3)c6ccc(Oc5ccc4c(=O)oc(=O)c4c5)cc6,No_group,No_group,1.14,1.02,0.12
C=CC(=O)OC(C)(C)C,C=C(C)C(=O)OCCOCCOCCOCCOCCOCCOCCOCCOCCOCCOCCOCCOC(=O)C(=C)C,C=C,No_group,1.01,1.08,0.07
C=C(C)C(=O)OCCOCCOCCOCCOCCOCCOCCOCCOCCOCCOCCOCCOCCOCCOCCOCCOCCOCCOCCOCCOC(=O)C(=C)C,CCC(COC(=O)CCS)(COC(=O)CCS)COC(=O)CCS,C=C,CCS,4.57,4.61,0.04
C1OC1COC3COC4C(OC2CO2)COC34,NCCNCCN,C1OC1,NC,4.74,4.66,0.08
C=C(C)C(=O)OCCCC,C=C(C)C(=O)OCCOCCOCCOC(=O)C(=C)C,C=C,No_group,1.07,1.08,0.01
C=C(C)C(=O)OCCOCCOCCOCCOCCOCCOCCOCCOCCOCCOCCOCCOCCOCCOCCOCCOCCOC(=O)C(=C)C,C=C(CCS)OCC(COC(=O)CCS)(COC(=O)CCS)COC(=O)CCSC(=O)NCC1(C)CC(NC(=O)SCCC(=O)OCC(COC(=O)CCS)(COC(=O)CCS)COC(=O)CCS)CC(C)(C)C1,C=C,CCS,4.52,4.57,0.05
Cc3cc(c2cc(C)c(OCC1CO1)c(C)c2)cc(C)c3OCC4CO4,COCCOCCOCCOCCOCCOCCOCCOCCOCCOCCOCCOCCOCCOCCOCCOCCOCCOCCOCCOCCOCC(C)N,C1OC1,NC,2.9,2.96,0.06
O=C=Nc2ccc(Cc1ccc(N=C=O)cc1)cc2,COCCCCOC(=O)CCCCC(=O)OCCCCOC(=O)CCCCC(=O)OCCCCOC(=O)CCCCC(=O)OCCCCOC(=O)CCCCC(=O)OCCCCOC(=O)CCCCC(=O)OCCCCOC(=O)CCCCC(=O)OCCCCOC(=O)CCCCC(C)=O,No_group,No_group,1.06,1.07,0.01
CC(C)(c2ccc(OC1CO1)cc2)c4ccc(OC3CO3)cc4,CCCCCCCCCCCCN,C1OC1,NC,3.02,2.95,0.07
c1ccc3c(c1)c2ccccc2C3(c5ccc(OCCOCC4CO4)cc5)c7ccc(OCCOCC6CO6)cc7,NCCNCCN,C1OC1,NC,4.63,4.63,0.0
C=C(C)C(=O)OC,CCC(COC(=O)CCS)(COC(=O)CCS)COC(=O)CCS,C=C,CCS,3.75,3.77,0.02
C=CCOC(CC)(CO)CO,OCCOCCO,C=C,No_group,1.15,1.09,0.06
C=COC(=O)CCCCCC(C)(C)C,C=C(C)C(=O)OCCOCCOCCOCCOCCOC(=O)C(C)=O,C=C,No_group,1.03,1.08,0.05
C=C(C)C(=O)OCCOCCOCCOCCOCCOCCOCCOCCOCCOCCOCCOCCOCCOCCOCCOCCOCCOC(=O)C(=C)C,C=CC(=O)OCCCC,C=C,No_group,0.99,1.07,0.08
C=C(C)C(=O)OCC(O)COc2ccc(C(C)(C)c1ccc(OCC(O)COC(=O)C(=C)C)cc1)cc2,O=c1ccc(=O)n1c4ccc(Cc3ccc(n2c(=O)ccc2=O)cc3)cc4,C=C,No_group,1.17,1.08,0.09
C=CCc1ccccc1OCC(O)COC(=O)CCCCC(=O)OCC(O)COc2ccccc2CC=C,C=C(C)C(=O)OCCOCCOCCOCCOCCOC(=O)C(C)=O,C=C,No_group,0.98,1.07,0.09
CC(C)(c2ccc(OC1CO1)cc2)c4ccc(OC3CO3)cc4,COCCOCCOCCOCCOCCOCCOCCOCCOCCOCCOCCOCCN,C1OC1,NC,2.92,2.81,0.11
C=CC(=O)OC(C)(C)C,CCC(COC(=O)CCS)(COC(=O)CCS)COC(=O)CCS,C=C,CCS,3.76,3.65,0.11
C=CCc1ccccc1OCC(O)COC(=O)Cc3ccc(C(=O)OCC(O)COc2ccccc2CC=C)cc3,C=C(CCS)OCCn1c(=O)n(CCOC(=O)CCS)c(=O)n(CCOC(=O)CCS)c1=O,C=C,CCS,4.58,4.62,0.04
C=CC(=O)OCCn1c(=O)n(CCOC(=O)C=C)c(=O)n(CCOC(=O)C=C)c1=O,C=Cc1cccc(C=C)c1,C=C,No_group,1.1,1.07,0.03
CC(C)(c2ccc(OC1CO1)cc2)c4ccc(OC3CO3)cc4,CC(N)COCC(C)OCC(C)OCC(C)N,C1OC1,NC,3.94,3.88,0.06
C=C(C)C(=O)OCCOCCOCCOC(=O)C(=C)C,CCC(COC(=O)CCS)(COC(=O)CCS)COC(=O)CCS,C=C,CCS,4.64,4.62,0.02
C=C(C)C(=O)OCCOCCOCCOCCOCCOCCOCCOCCOCCOCCOCCOCCOCCOCCOCCOCCOCCOC(=O)C(=C)C,C=CCn1c(=O)n(CC=C)c(=O)n(CC=C)c1=O,C=C,No_group,1.08,1.08,0.0
c3cc(N(CC1CO1)CC2CO2)ccc3Cc6ccc(N(CC4CO4)CC5CO5)cc6,Nc2ccc(S(=O)(=O)c1ccc(N)cc1)cc2,C1OC1,No_group,1.22,1.07,0.15
C=CC(=O)OC(C)(C)C,C=CCc1ccccc1OCC(O)COC(=O)CCCCC(=O)OCC(O)COc2ccccc2CC=C,C=C,No_group,1.04,1.07,0.03
c1ccc3c(c1)c2ccccc2C3(c5ccc(OCCOCC4CO4)cc5)c7ccc(OCCOCC6CO6)cc7,CCc1cc(C)c(N)c(CC)c1N,C1OC1,No_group,1.1,1.08,0.02
C=C(C)C(=O)OCCCC,C=CC(=O)OCCCC,C=C,No_group,1.07,1.08,0.01
C=C(C)C(=O)OCCOCCOCCOCCOCCOCCOCCOCCOCCOCCOCCOCCOCCOCCOCCOCCOCCOC(=O)C(C)=O,C=CCOCC(CO)(COCC=C)COCC=C,C=C,No_group,1.01,1.07,0.06
C=CC(=O)OCCn1c(=O)n(CCOC(=O)C=C)c(=O)n(CCOC(=O)C=C)c1=O,C=CC(=O)OCCCC,C=C,No_group,1.04,1.07,0.03
C=CCOCC(COCC=C)(COCC=C)COC(=O)NCC1(C)CC(NC(=O)OCC(COCC=C)(COCC=C)COCC=C)CC(C)(C)C1,C=CCOCC(CO)(COCC=C)COCC=C,C=C,No_group,1.02,1.07,0.05
CC(C)(c2ccc(OCC1CO1)cc2)c4ccc(OCC3CO3)cc4,NCCOCCOCCN,C1OC1,NC,3.89,3.75,0.14
c3cc(N(CC1CC1)CC2CO2)ccc3OCC4CO4,CCCCCCCCCCCCN,C1OC1,NC,3.0,3.12,0.12
C=Cc1ccccc1,C=C(C)C(=O)OCCOCCOCCOCCOCCOCCOCCOCCOCCOC(=O)C(=C)C,C=C,No_group,1.05,1.09,0.04
O=C(OCC1CO1)C3CC2OC2CC3C(=O)OCC4CO4,NCCCOCCOCCCN,C1OC1,NC,4.74,4.4,0.34
CC(C)(c4ccc(OCC(O)COc3ccc(C(C)(C)c2ccc(OCC1CO1)cc2)cc3)cc4)c6ccc(OCC5CO5)cc6,Nc2ccc(Cc1ccc(N)cc1)cc2,C1OC1,No_group,1.12,1.07,0.05
C=C(C)C(=O)OCCOCCOCCOCCOCCOCCOCCOCCOCCOCCOCCOCCOCCOCCOCCOCCOCCOC(=O)C(C)=O,C=CC(=O)OCCCC,C=C,No_group,0.99,1.07,0.08
C=C(C)C(=O)OCCCC,C=C(CCS)OCCn1c(=O)n(CCOC(=O)CCS)c(=O)n(CCOC(=O)CCS)c1=O,C=C,CCS,3.72,3.83,0.11
C=CCc1ccccc1OCC(O)COC(=O)Cc3ccc(C(=O)OCC(O)COc2ccccc2CC=C)cc3,CCCC(=O)OCC(CC)(COC(=O)CCS)COC(=O)CCS,C=C,CCS,3.72,4.25,0.53
C=C(C)C(=C)OCOCCOC(=O)C(=C)C,C=C(C)C(=O)OCCOCCOCCOCCOCCOCCOCCOCCOCCOCCOCCOCCOCCOCCOCCOCCOCCOCCOCCOCCOC(=O)C(=C)C,C=C,No_group,0.95,1.09,0.14
C=C(C)C(=O)OCC(O)COc2ccc(C(C)(C)c1ccc(OCC(O)COC(=O)C(=C)C)cc1)cc2,CCCC(=O)OCC(CC)(COC(=O)CCS)COC(=O)CCS,C=C,CCS,3.75,3.59,0.16
C=C(C)C(=C)OCOCCOC(=O)C(=C)C,C=C(CCS)OCC(COC(=O)CCS)(COC(=O)CCS)COC(=O)CCSC(=O)NCC1(C)CC(NC(=O)SCCC(=O)OCC(COC(=O)CCS)(COC(=O)CCS)COC(=O)CCS)CC(C)(C)C1,C=C,CCS,4.54,4.58,0.04
